[
    {
        "pk": "1",
        "model": "race.maptype",
        "fields": {
            "slug": "race",
            "displayed_name": "Race",
            "description": "The goal is simply to cross the finish line."
        }
    },
    {
        "pk": "2",
        "model": "race.maptype",
        "fields": {
            "slug": "fastcap",
            "displayed_name": "Fastcap",
            "description": "Join either the red team or the blue team, then capture the flags like in a CTF game. The time is measured since the flag has been taken. All the pickups are available on the map and you spawn with armor and weapons."
        }
    },
    {
        "pk": "3",
        "model": "race.maptype",
        "fields": {
            "slug": "fastcap-no-weapons",
            "displayed_name": "Fastcap (No weapons)",
            "description": "It is the same as Fastcap, except that no weapons and pickups are available."
        }
    }
]
