{"web":{"auth_uri":"https://accounts.google.com/o/oauth2/auth","client_secret":"bnd_qS1JsJhs_1IrLpwm1aRS","token_uri":"https://accounts.google.com/o/oauth2/token","client_email":"318678647954-rh6lndicduu6ibd9rlsal71hmufmttne@developer.gserviceaccount.com","redirect_uris":["http://erp.saarang.org/complete/google-oauth2/","http://erp.saarang.org/google/oauth2callback","http://erptest.saarang.org/google/oauth2callback"],"client_x509_cert_url":"https://www.googleapis.com/robot/v1/metadata/x509/318678647954-rh6lndicduu6ibd9rlsal71hmufmttne@developer.gserviceaccount.com","client_id":"318678647954-rh6lndicduu6ibd9rlsal71hmufmttne.apps.googleusercontent.com","auth_provider_x509_cert_url":"https://www.googleapis.com/oauth2/v1/certs","javascript_origins":["http://erp.saarang.org","http://erptest.saarang.org"]}}