id,name,model_id:id,group_id:id,perm_read,perm_write,perm_create,perm_unlink
access_author_author_user,author.author,model_author_author,group_document_user,1,1,1,1
access_document_directory_user,document.directory,document.model_document_directory,group_document_user,1,1,1,1
access_directory_rights_user,directory.rights ,model_directory_rights,group_document_user,1,1,1,1
access_file_rights_user,file.rights ,model_file_rights,group_document_user,1,1,1,1
access_ir_attachment_user,ir.attachment ,base.model_ir_attachment,group_document_user,1,1,1,1
