<?xml version="1.0" encoding="utf-8"?>
<openerp>
    <data>
        <record id="module_category_knowspace_docs" model="ir.module.category">
            <field name="name">Document</field>
            <field name="description">Helps you manage your Documents different users.</field>
            <field name="sequence">15</field>
        </record>
        <record id="group_document_user" model="res.groups">
            <field name="name">Document User</field>
            <field name="category_id" ref="module_category_knowspace_docs"/>
            <field name="users" eval="[(4, ref('base.user_root'))]"/>
        </record>
    </data>
</openerp>
